"node","eqn"
"A1_ALPHA2","((1 * fAct(GAL11, 0.408142132172361, 1.79729779304471)) * 1 - 1 * A1_ALPHA2) / 1"
"ABF1","input gene"
"ACE2","input gene"
"ADR1","input gene"
"ALPHA1","((((1 - 1 * fAct(TUP1, 0.478926570154727, 1.48534448833903)) + (1 * fAct(GAL11, 0.424795030523092, 1.49548751271097) * 1 * fAct(SNF2_SWI1, 0.494347685342655, 1.49607532163383)) - (1 - 1 * fAct(TUP1, 0.478926570154727, 1.48534448833903)) * (1 * fAct(GAL11, 0.424795030523092, 1.49548751271097) * 1 * fAct(SNF2_SWI1, 0.494347685342655, 1.49607532163383)))) * 1 - 1 * ALPHA1) / 1"
"ALPHA2","((1 * fAct(GAL11, 0.417590837320313, 1.40025647648377)) * 1 - 1 * ALPHA2) / 1"
"ASH1","((1 * fAct(SWI5, 0.48925634115003, 1.42979728790699)) * 1 - 1 * ASH1) / 1"
"CAF16","input gene"
"CAF4","input gene"
"CAT8","input gene"
"CBF1","input gene"
"CCR4","(((1 - 1 * fAct(SPT6, 0.585301975859329, 1.4182059883629))) * 1 - 1 * CCR4) / 1"
"CDC36","input gene"
"CDC39","input gene"
"CDC50","input gene"
"CHA4","input gene"
"CIN5","input gene"
"CRZ1","input gene"
"CUP2","input gene"
"DAL80","((((1 * fAct(GLN3, 0.41631777798757, 1.72708278447855) * 1 * fAct(GAT1, 0.440072636771947, 1.5700099824788)) * (1 - 1 * fAct(DAL80_GZF3, 0.561402943590656, 1.61334311592625)))) * 1 - 1 * DAL80) / 1"
"DAL80_GZF3","(((1 * fAct(GLN3, 0.51902209110558, 1.51768847172847) * 1 * fAct(GAT1, 0.555033928714693, 1.55835481647635))) * 1 - 1 * DAL80_GZF3) / 1"
"DAL81","input gene"
"FKH2","input gene"
"FLO8","input gene"
"GAL11","input gene"
"GAL4","input gene"
"GAT1","(((1 * fAct(GLN3, 0.440405684150755, 1.45176706454018) * (1 - 1 * fAct(DAL80, 0.467257095128298, 1.73437306068139)))) * 1 - 1 * GAT1) / 1"
"GIS1","input gene"
"GLN3","input gene"
"HAL9","input gene"
"HAP1","input gene"
"HAP2","input gene"
"HAP4","((1 * fAct(SNF2_SWI1, 0.489769665477797, 1.58410778031219)) * 1 - 1 * HAP4) / 1"
"HDA1","input gene"
"IME1","(((((1 - 1 * fAct(TUP1, 0.523200325248763, 1.43303599392297)) + (1 * fAct(IME4, 0.582922378415242, 1.66387398123741) * 1 * fAct(RIM101, 0.58840044378303, 1.64065293827094)) - (1 - 1 * fAct(TUP1, 0.523200325248763, 1.43303599392297)) * (1 * fAct(IME4, 0.582922378415242, 1.66387398123741) * 1 * fAct(RIM101, 0.58840044378303, 1.64065293827094))) + ((1 - 1 * fAct(RME1, 0.570710456650704, 1.76083944331389)) + (1 - 1 * fAct(IME1_UME6, 0.592188944248483, 1.53421386339469)) - (1 - 1 * fAct(RME1, 0.570710456650704, 1.76083944331389)) * (1 - 1 * fAct(IME1_UME6, 0.592188944248483, 1.53421386339469))) - ((1 - 1 * fAct(TUP1, 0.523200325248763, 1.43303599392297)) + (1 * fAct(IME4, 0.582922378415242, 1.66387398123741) * 1 * fAct(RIM101, 0.58840044378303, 1.64065293827094)) - (1 - 1 * fAct(TUP1, 0.523200325248763, 1.43303599392297)) * (1 * fAct(IME4, 0.582922378415242, 1.66387398123741) * 1 * fAct(RIM101, 0.58840044378303, 1.64065293827094))) * ((1 - 1 * fAct(RME1, 0.570710456650704, 1.76083944331389)) + (1 - 1 * fAct(IME1_UME6, 0.592188944248483, 1.53421386339469)) - (1 - 1 * fAct(RME1, 0.570710456650704, 1.76083944331389)) * (1 - 1 * fAct(IME1_UME6, 0.592188944248483, 1.53421386339469))))) * 1 - 1 * IME1) / 1"
"IME4","input gene"
"INO2","(((1 * fAct(UME6, 0.41439627003856, 1.55551468151156) * 1 * fAct(INO2_INO4, 0.579065960878506, 1.46183082838776))) * 1 - 1 * INO2) / 1"
"INO2_INO4","((1 * fAct(UME6, 0.438519080216065, 1.76779175380012)) * 1 - 1 * INO2_INO4) / 1"
"INO4","input gene"
"IXR1","input gene"
"LEU3","input gene"
"MAC1","input gene"
"MCM1","((1 * fAct(SNF2_SWI1, 0.512265477608889, 1.74703971097246)) * 1 - 1 * MCM1) / 1"
"MET4","input gene"
"MOT3","input gene"
"MSN1","input gene"
"MTH1","((1 * fAct(GAL4, 0.597826851578429, 1.66295876816381)) * 1 - 1 * MTH1) / 1"
"NRG1","input gene"
"PHO2","input gene"
"PHO23","input gene"
"PHO4","input gene"
"POP2","input gene"
"RAP1","((1 * fAct(REB1, 0.515985942399129, 1.67883182815742)) * 1 - 1 * RAP1) / 1"
"REB1","input gene"
"RFX1","input gene"
"RGT1","input gene"
"RIM101","input gene"
"RME1","(((((1 - 1 * fAct(UME6, 0.450752911856398, 1.66269753784873)) + ((1 * fAct(ACE2, 0.445982483727857, 1.6009772796277) * 1 * fAct(SIN3, 0.454754902189598, 1.4500708463043)) * 1 * fAct(SWI5, 0.525321142841131, 1.39077332096873)) - (1 - 1 * fAct(UME6, 0.450752911856398, 1.66269753784873)) * ((1 * fAct(ACE2, 0.445982483727857, 1.6009772796277) * 1 * fAct(SIN3, 0.454754902189598, 1.4500708463043)) * 1 * fAct(SWI5, 0.525321142841131, 1.39077332096873))) + (1 - 1 * fAct(TUP1, 0.501031537540257, 1.66632901664125)) - ((1 - 1 * fAct(UME6, 0.450752911856398, 1.66269753784873)) + ((1 * fAct(ACE2, 0.445982483727857, 1.6009772796277) * 1 * fAct(SIN3, 0.454754902189598, 1.4500708463043)) * 1 * fAct(SWI5, 0.525321142841131, 1.39077332096873)) - (1 - 1 * fAct(UME6, 0.450752911856398, 1.66269753784873)) * ((1 * fAct(ACE2, 0.445982483727857, 1.6009772796277) * 1 * fAct(SIN3, 0.454754902189598, 1.4500708463043)) * 1 * fAct(SWI5, 0.525321142841131, 1.39077332096873))) * (1 - 1 * fAct(TUP1, 0.501031537540257, 1.66632901664125)))) * 1 - 1 * RME1) / 1"
"ROX1","((((1 - 1 * fAct(TUP1, 0.403029022272676, 1.57440791471163)) + 1 * fAct(HAP1, 0.560770230181515, 1.73200784488581) - (1 - 1 * fAct(TUP1, 0.403029022272676, 1.57440791471163)) * 1 * fAct(HAP1, 0.560770230181515, 1.73200784488581))) * 1 - 1 * ROX1) / 1"
"RPH1","input gene"
"RTG1_RTG3","input gene"
"RTG2","input gene"
"RTG3","input gene"
"SDS3","input gene"
"SIN3","input gene"
"SIP4","input gene"
"SKO1","input gene"
"SNF2","input gene"
"SNF5","input gene"
"SNF6","input gene"
"SPT16","input gene"
"SPT21","input gene"
"SPT4","input gene"
"SPT5","input gene"
"SPT6","input gene"
"SRB7","input gene"
"SSN6","input gene"
"SUM1","input gene"
"SWI1","((1 * fAct(SIN3, 0.455851716408506, 1.72993359957123)) * 1 - 1 * SWI1) / 1"
"SWI3","input gene"
"SWI4","((1 * fAct(SPT16, 0.431523470208049, 1.42025888268137)) * 1 - 1 * SWI4) / 1"
"SWI4_SWI6","((1 * fAct(SPT16, 0.43266982329078, 1.43826548923738)) * 1 - 1 * SWI4_SWI6) / 1"
"SWI5","(((1 * fAct(MCM1, 0.493881595274433, 1.7313126056944) * 1 * fAct(REB1, 0.461949386075139, 1.43555937594036))) * 1 - 1 * SWI5) / 1"
"TAF90","input gene"
"THI2","input gene"
"TUP1","input gene"
"UGA3","input gene"
"UME6","input gene"
"XBP1","input gene"
"YAP6","input gene"
"ARG80_ARG81","input gene"
"DAL81_DAL82","input gene"
"GCR1_GCR2","input gene"
"HDA1_TUP1","input gene"
"IME1_UME6","((((1 * fAct(RIM101, 0.471535877371207, 1.56765180432238) * 1 * fAct(IME4, 0.531310463463888, 1.39586248180829)) * (1 - 1 * fAct(RME1, 0.486515694018453, 1.47940134063596)))) * 1 - 1 * IME1_UME6) / 1"
"SNF2_SWI1","((1 * fAct(SIN3, 0.429324327595532, 1.51342947108205)) * 1 - 1 * SNF2_SWI1) / 1"
"SSN6_TUP1","input gene"
"FUS1","(((1 * fAct(SIN3, 0.458335431851447, 1.67120031509083) * (((1 - 1 * fAct(A1_ALPHA2, 0.459129327023402, 1.57572475729743)) + (1 - 1 * fAct(CDC36, 0.588340859021991, 1.50772969665006)) - (1 - 1 * fAct(A1_ALPHA2, 0.459129327023402, 1.57572475729743)) * (1 - 1 * fAct(CDC36, 0.588340859021991, 1.50772969665006))) + (1 - 1 * fAct(CDC39, 0.439950171811506, 1.68370062744943)) - ((1 - 1 * fAct(A1_ALPHA2, 0.459129327023402, 1.57572475729743)) + (1 - 1 * fAct(CDC36, 0.588340859021991, 1.50772969665006)) - (1 - 1 * fAct(A1_ALPHA2, 0.459129327023402, 1.57572475729743)) * (1 - 1 * fAct(CDC36, 0.588340859021991, 1.50772969665006))) * (1 - 1 * fAct(CDC39, 0.439950171811506, 1.68370062744943))))) * 1 - 1 * FUS1) / 1"
"ACS1","((((1 - 1 * fAct(UME6, 0.523024471988901, 1.71743161445716)) + ((1 * fAct(ABF1, 0.517533810576424, 1.67893487344496) * 1 * fAct(ADR1, 0.430963053973392, 1.73021918006241)) * 1 * fAct(CAT8, 0.572578296344727, 1.70007257055491)) - (1 - 1 * fAct(UME6, 0.523024471988901, 1.71743161445716)) * ((1 * fAct(ABF1, 0.517533810576424, 1.67893487344496) * 1 * fAct(ADR1, 0.430963053973392, 1.73021918006241)) * 1 * fAct(CAT8, 0.572578296344727, 1.70007257055491)))) * 1 - 1 * ACS1) / 1"
"ADH1","((((1 * fAct(RAP1, 0.445904183667153, 1.56500755796675) * ((1 * fAct(ABF1, 0.468870301870629, 1.72989276860608) * 1 * fAct(ADR1, 0.542473523039371, 1.63213677936699)) * 1 * fAct(SNF6, 0.58173959958367, 1.60254128708271))) * ((((1 - 1 * fAct(CAF16, 0.535577893117443, 1.60485587680014)) + (1 - 1 * fAct(CAF4, 0.588922777073458, 1.6974156131479)) - (1 - 1 * fAct(CAF16, 0.535577893117443, 1.60485587680014)) * (1 - 1 * fAct(CAF4, 0.588922777073458, 1.6974156131479))) + (1 - 1 * fAct(CCR4, 0.44083837880753, 1.79022007821128)) - ((1 - 1 * fAct(CAF16, 0.535577893117443, 1.60485587680014)) + (1 - 1 * fAct(CAF4, 0.588922777073458, 1.6974156131479)) - (1 - 1 * fAct(CAF16, 0.535577893117443, 1.60485587680014)) * (1 - 1 * fAct(CAF4, 0.588922777073458, 1.6974156131479))) * (1 - 1 * fAct(CCR4, 0.44083837880753, 1.79022007821128))) + (1 - 1 * fAct(POP2, 0.440591056505218, 1.63587107262341)) - (((1 - 1 * fAct(CAF16, 0.535577893117443, 1.60485587680014)) + (1 - 1 * fAct(CAF4, 0.588922777073458, 1.6974156131479)) - (1 - 1 * fAct(CAF16, 0.535577893117443, 1.60485587680014)) * (1 - 1 * fAct(CAF4, 0.588922777073458, 1.6974156131479))) + (1 - 1 * fAct(CCR4, 0.44083837880753, 1.79022007821128)) - ((1 - 1 * fAct(CAF16, 0.535577893117443, 1.60485587680014)) + (1 - 1 * fAct(CAF4, 0.588922777073458, 1.6974156131479)) - (1 - 1 * fAct(CAF16, 0.535577893117443, 1.60485587680014)) * (1 - 1 * fAct(CAF4, 0.588922777073458, 1.6974156131479))) * (1 - 1 * fAct(CCR4, 0.44083837880753, 1.79022007821128))) * (1 - 1 * fAct(POP2, 0.440591056505218, 1.63587107262341))))) * 1 - 1 * ADH1) / 1"
"CDC19","((((1 - 1 * fAct(UME6, 0.531288218637928, 1.58068384013604)) + (((1 * fAct(ABF1, 0.498621141258627, 1.51388207071228) * 1 * fAct(RAP1, 0.503525858046487, 1.64439810515381)) * 1 * fAct(REB1, 0.562247457774356, 1.64961613641819)) * 1 * fAct(GCR1_GCR2, 0.586191481770948, 1.40792798093986)) - (1 - 1 * fAct(UME6, 0.531288218637928, 1.58068384013604)) * (((1 * fAct(ABF1, 0.498621141258627, 1.51388207071228) * 1 * fAct(RAP1, 0.503525858046487, 1.64439810515381)) * 1 * fAct(REB1, 0.562247457774356, 1.64961613641819)) * 1 * fAct(GCR1_GCR2, 0.586191481770948, 1.40792798093986)))) * 1 - 1 * CDC19) / 1"
"COX6","(((1 * fAct(ABF1, 0.419616215024143, 1.49022583554033) * (1 - 1 * fAct(SSN6, 0.582943389704451, 1.67523085464723)))) * 1 - 1 * COX6) / 1"
"DED1","((1 * fAct(ABF1, 0.46934065753594, 1.73848384496057)) * 1 - 1 * DED1) / 1"
"PGK1","(((1 * fAct(RAP1, 0.554134329175577, 1.59335648716427) * (1 * fAct(ABF1, 0.550187340704724, 1.62763780919136) * 1 * fAct(GCR1_GCR2, 0.490979318134487, 1.45505871785339)))) * 1 - 1 * PGK1) / 1"
"POT1","((((1 - 1 * fAct(UME6, 0.417320730816573, 1.78562656704336)) + (1 * fAct(ABF1, 0.549536385200918, 1.53243530431297) * 1 * fAct(ADR1, 0.482520525157452, 1.57794343893183)) - (1 - 1 * fAct(UME6, 0.417320730816573, 1.78562656704336)) * (1 * fAct(ABF1, 0.549536385200918, 1.53243530431297) * 1 * fAct(ADR1, 0.482520525157452, 1.57794343893183)))) * 1 - 1 * POT1) / 1"
"QCR8","(((1 * fAct(ABF1, 0.556717607192695, 1.74991793813882) * (1 - 1 * fAct(CBF1, 0.434469830803573, 1.44773564741481)))) * 1 - 1 * QCR8) / 1"
"RPL4A","((1 * fAct(ABF1, 0.522145529882982, 1.6136160309962)) * 1 - 1 * RPL4A) / 1"
"RPL4B","((1 * fAct(ABF1, 0.485640979558229, 1.4496925653005)) * 1 - 1 * RPL4B) / 1"
"SPR3","(((1 * fAct(ABF1, 0.55235733310692, 1.7164787511644) * (1 - 1 * fAct(SUM1, 0.45512391445227, 1.41172848115675)))) * 1 - 1 * SPR3) / 1"
"TUB2","((1 * fAct(ABF1, 0.581258315080777, 1.45781049891142)) * 1 - 1 * TUB2) / 1"
"CDC6","(((1 * fAct(SWI5, 0.47183965742588, 1.71009900999023) * (1 - 1 * fAct(ACE2, 0.584494401002303, 1.75563187834574)))) * 1 - 1 * CDC6) / 1"
"CTS1","(((1 * fAct(SWI5, 0.590099978074431, 1.41154873970198) * ((1 * fAct(ACE2, 0.436841815616936, 1.40551690417109) * 1 * fAct(SNF2, 0.585627051349729, 1.66881364825647)) * 1 * fAct(SWI4_SWI6, 0.515416113613173, 1.75653278779937)))) * 1 - 1 * CTS1) / 1"
"EGT2","(((1 * fAct(SWI5, 0.536683894414455, 1.42555172829889) * 1 * fAct(ACE2, 0.451431533694267, 1.57517244318966))) * 1 - 1 * EGT2) / 1"
"HO","((((1 - 1 * fAct(TUP1, 0.548489772668108, 1.62890634624986)) + (((((((((((1 * fAct(ACE2, 0.540174630703405, 1.77602832799545) * 1 * fAct(CAF16, 0.41021151910536, 1.40941718921997)) * 1 * fAct(CAF4, 0.587465995224193, 1.46610131504014)) * 1 * fAct(PHO2, 0.598943517589942, 1.41186540100723)) * 1 * fAct(SIN3, 0.483752682525665, 1.41854555189842)) * 1 * fAct(SNF5, 0.525324850296602, 1.57592050242936)) * 1 * fAct(SNF6, 0.473817651951686, 1.78956665809732)) * 1 * fAct(SPT16, 0.495824399683625, 1.51214746100595)) * 1 * fAct(SWI3, 0.495155800879002, 1.74024968812242)) * 1 * fAct(SWI4_SWI6, 0.535902303783223, 1.48908994542202)) * 1 * fAct(SWI5, 0.533896270347759, 1.56358050262788)) * 1 * fAct(SNF2_SWI1, 0.546525657363236, 1.7740425913292)) - (1 - 1 * fAct(TUP1, 0.548489772668108, 1.62890634624986)) * (((((((((((1 * fAct(ACE2, 0.540174630703405, 1.77602832799545) * 1 * fAct(CAF16, 0.41021151910536, 1.40941718921997)) * 1 * fAct(CAF4, 0.587465995224193, 1.46610131504014)) * 1 * fAct(PHO2, 0.598943517589942, 1.41186540100723)) * 1 * fAct(SIN3, 0.483752682525665, 1.41854555189842)) * 1 * fAct(SNF5, 0.525324850296602, 1.57592050242936)) * 1 * fAct(SNF6, 0.473817651951686, 1.78956665809732)) * 1 * fAct(SPT16, 0.495824399683625, 1.51214746100595)) * 1 * fAct(SWI3, 0.495155800879002, 1.74024968812242)) * 1 * fAct(SWI4_SWI6, 0.535902303783223, 1.48908994542202)) * 1 * fAct(SWI5, 0.533896270347759, 1.56358050262788)) * 1 * fAct(SNF2_SWI1, 0.546525657363236, 1.7740425913292)))) * 1 - 1 * HO) / 1"
"ADH2","((((1 * fAct(SIN3, 0.436584445927292, 1.45876555016031) * ((((1 * fAct(ADR1, 0.477076826896518, 1.58267985380022) * 1 * fAct(CCR4, 0.436250140843913, 1.54118957708823)) * 1 * fAct(SNF6, 0.541366951726377, 1.39387751102215)) * 1 * fAct(SPT21, 0.492454865714535, 1.67154163433705)) * 1 * fAct(TAF90, 0.492320282617584, 1.39619209835306))) * (1 - 1 * fAct(SPT6, 0.444161980459467, 1.6635883069085)))) * 1 - 1 * ADH2) / 1"
"CTA1","((((1 - 1 * fAct(UME6, 0.516790927527472, 1.50812087972183)) + 1 * fAct(ADR1, 0.599834804376587, 1.48713330007624) - (1 - 1 * fAct(UME6, 0.516790927527472, 1.50812087972183)) * 1 * fAct(ADR1, 0.599834804376587, 1.48713330007624))) * 1 - 1 * CTA1) / 1"
"FOX2","((((1 - 1 * fAct(UME6, 0.585647422773764, 1.64872144994326)) + 1 * fAct(ADR1, 0.417238345462829, 1.72455516783055) - (1 - 1 * fAct(UME6, 0.585647422773764, 1.64872144994326)) * 1 * fAct(ADR1, 0.417238345462829, 1.72455516783055))) * 1 - 1 * FOX2) / 1"
"GUT1","(((1 * fAct(INO2_INO4, 0.459895844291896, 1.68093771960353) * 1 * fAct(ADR1, 0.555187552282587, 1.44563343597343))) * 1 - 1 * GUT1) / 1"
"PEX1","((((1 - 1 * fAct(UME6, 0.597702919319272, 1.52185269597685)) + 1 * fAct(ADR1, 0.571880422951654, 1.55018635444343) - (1 - 1 * fAct(UME6, 0.597702919319272, 1.52185269597685)) * 1 * fAct(ADR1, 0.571880422951654, 1.55018635444343))) * 1 - 1 * PEX1) / 1"
"MFALPHA1","((((1 - 1 * fAct(TUP1, 0.553918928001076, 1.55323681012727)) + ((1 * fAct(ALPHA1, 0.43883257410489, 1.78776814183919) * 1 * fAct(GAL11, 0.563588117528707, 1.75749338339781)) * 1 * fAct(MCM1, 0.486004059808329, 1.49682110767113)) - (1 - 1 * fAct(TUP1, 0.553918928001076, 1.55323681012727)) * ((1 * fAct(ALPHA1, 0.43883257410489, 1.78776814183919) * 1 * fAct(GAL11, 0.563588117528707, 1.75749338339781)) * 1 * fAct(MCM1, 0.486004059808329, 1.49682110767113)))) * 1 - 1 * MFALPHA1) / 1"
"STE3","(((1 * fAct(SNF2_SWI1, 0.432995227491483, 1.6343530541542) * (1 * fAct(ALPHA1, 0.420347125548869, 1.54317274748813) * 1 * fAct(MCM1, 0.435711656790227, 1.51656574142165)))) * 1 - 1 * STE3) / 1"
"STE6","((((((1 * fAct(MCM1, 0.491280582267791, 1.40612361428561) * 1 * fAct(SDS3, 0.535699983965605, 1.62317330085207)) * 1 * fAct(SIN3, 0.581774493586272, 1.4372719815094)) * 1 * fAct(SWI1, 0.571044185850769, 1.44982493206393)) * ((1 - 1 * fAct(ALPHA2, 0.455949167208746, 1.62548409849405)) + (1 - 1 * fAct(TUP1, 0.572846058150753, 1.57793595320079)) - (1 - 1 * fAct(ALPHA2, 0.455949167208746, 1.62548409849405)) * (1 - 1 * fAct(TUP1, 0.572846058150753, 1.57793595320079))))) * 1 - 1 * STE6) / 1"
"MUC1","((((1 * fAct(ASH1, 0.593318044999614, 1.69759435894899) * 1 * fAct(FLO8, 0.589820357458666, 1.79026530007599)) * 1 * fAct(MSN1, 0.444921590434387, 1.73742535063997))) * 1 - 1 * MUC1) / 1"
"FKS1","(((1 * fAct(CAF4, 0.469478760100901, 1.70026844159933) * 1 * fAct(CAF16, 0.503106941422448, 1.65625714647351))) * 1 - 1 * FKS1) / 1"
"GAL1","((((((((1 * fAct(GAL11, 0.599712953390554, 1.53620959688211) * 1 * fAct(GAL4, 0.472533186664805, 1.78914664173499)) * 1 * fAct(REB1, 0.410126036964357, 1.53776718843263)) * 1 * fAct(SNF2, 0.447169198608026, 1.4744953246112)) * 1 * fAct(SNF6, 0.526778570236638, 1.45108516357606)) * 1 * fAct(SRB7, 0.547707619704306, 1.71418197200168)) + (((1 - 1 * fAct(CAF4, 0.437696281401441, 1.40336287444457)) + (1 - 1 * fAct(TUP1, 0.492532643862069, 1.51595228253165)) - (1 - 1 * fAct(CAF4, 0.437696281401441, 1.40336287444457)) * (1 - 1 * fAct(TUP1, 0.492532643862069, 1.51595228253165))) + (1 - 1 * fAct(HDA1_TUP1, 0.563521691644564, 1.65590451324126)) - ((1 - 1 * fAct(CAF4, 0.437696281401441, 1.40336287444457)) + (1 - 1 * fAct(TUP1, 0.492532643862069, 1.51595228253165)) - (1 - 1 * fAct(CAF4, 0.437696281401441, 1.40336287444457)) * (1 - 1 * fAct(TUP1, 0.492532643862069, 1.51595228253165))) * (1 - 1 * fAct(HDA1_TUP1, 0.563521691644564, 1.65590451324126))) - (((((1 * fAct(GAL11, 0.599712953390554, 1.53620959688211) * 1 * fAct(GAL4, 0.472533186664805, 1.78914664173499)) * 1 * fAct(REB1, 0.410126036964357, 1.53776718843263)) * 1 * fAct(SNF2, 0.447169198608026, 1.4744953246112)) * 1 * fAct(SNF6, 0.526778570236638, 1.45108516357606)) * 1 * fAct(SRB7, 0.547707619704306, 1.71418197200168)) * (((1 - 1 * fAct(CAF4, 0.437696281401441, 1.40336287444457)) + (1 - 1 * fAct(TUP1, 0.492532643862069, 1.51595228253165)) - (1 - 1 * fAct(CAF4, 0.437696281401441, 1.40336287444457)) * (1 - 1 * fAct(TUP1, 0.492532643862069, 1.51595228253165))) + (1 - 1 * fAct(HDA1_TUP1, 0.563521691644564, 1.65590451324126)) - ((1 - 1 * fAct(CAF4, 0.437696281401441, 1.40336287444457)) + (1 - 1 * fAct(TUP1, 0.492532643862069, 1.51595228253165)) - (1 - 1 * fAct(CAF4, 0.437696281401441, 1.40336287444457)) * (1 - 1 * fAct(TUP1, 0.492532643862069, 1.51595228253165))) * (1 - 1 * fAct(HDA1_TUP1, 0.563521691644564, 1.65590451324126))))) * 1 - 1 * GAL1) / 1"
"CAT5","((1 * fAct(CAT8, 0.583770397305489, 1.44999373326078)) * 1 - 1 * CAT5) / 1"
"IDP2","(((1 - 1 * fAct(CAT8, 0.576454478502274, 1.44175670839613))) * 1 - 1 * IDP2) / 1"
"JEN1","(((1 - 1 * fAct(CAT8, 0.534602288389578, 1.59134623231133))) * 1 - 1 * JEN1) / 1"
"MDH2","(((1 * fAct(CAT8, 0.452490839315578, 1.43746818914777) * 1 * fAct(SIP4, 0.444835611898452, 1.55065760563593))) * 1 - 1 * MDH2) / 1"
"CYT1","(((1 * fAct(CBF1, 0.488211535150185, 1.59225464114686) * 1 * fAct(HAP1, 0.559468323737383, 1.40313175115036))) * 1 - 1 * CYT1) / 1"
"GAL2","(((1 * fAct(GAL4, 0.579555850289762, 1.75901715737535) * (1 * fAct(CBF1, 0.463611209671944, 1.52367811750853) * 1 * fAct(GAL11, 0.563110675709322, 1.68495963544352)))) * 1 - 1 * GAL2) / 1"
"MET14","(((1 * fAct(CBF1, 0.527610241947696, 1.52466199689312) * (1 * fAct(MET4, 0.442849988210946, 1.6755229503219) * 1 * fAct(PHO4, 0.442520337039605, 1.58526041841367)))) * 1 - 1 * MET14) / 1"
"MET16","(((1 * fAct(CBF1, 0.591290054051205, 1.6633350344724) * 1 * fAct(MET4, 0.416068752575666, 1.44307803008705))) * 1 - 1 * MET16) / 1"
"MET17","(((1 * fAct(MET4, 0.420327959489077, 1.79761512562865) * (1 - 1 * fAct(CBF1, 0.468116827215999, 1.63005635193083)))) * 1 - 1 * MET17) / 1"
"MET28","((((1 - 1 * fAct(CBF1, 0.458249124791473, 1.76920877480181)) + (1 - 1 * fAct(MET4, 0.427044991590083, 1.59092797337798)) - (1 - 1 * fAct(CBF1, 0.458249124791473, 1.76920877480181)) * (1 - 1 * fAct(MET4, 0.427044991590083, 1.59092797337798)))) * 1 - 1 * MET28) / 1"
"MET8","((1 * fAct(CBF1, 0.418421241315082, 1.47317387347575)) * 1 - 1 * MET8) / 1"
"SAM2","((1 * fAct(CBF1, 0.424347308883444, 1.4471589127765)) * 1 - 1 * SAM2) / 1"
"TRP1","((1 * fAct(CBF1, 0.585533192986622, 1.39408423507353)) * 1 - 1 * TRP1) / 1"
"CYC1","(((1 * fAct(HAP1, 0.412160876579583, 1.68932208231185) + (((1 - 1 * fAct(CDC39, 0.48345630033873, 1.57482365339063)) + (1 - 1 * fAct(CDC50, 0.51277564172633, 1.77556297445204)) - (1 - 1 * fAct(CDC39, 0.48345630033873, 1.57482365339063)) * (1 - 1 * fAct(CDC50, 0.51277564172633, 1.77556297445204))) + (1 - 1 * fAct(SSN6_TUP1, 0.526191282225773, 1.5010502585629)) - ((1 - 1 * fAct(CDC39, 0.48345630033873, 1.57482365339063)) + (1 - 1 * fAct(CDC50, 0.51277564172633, 1.77556297445204)) - (1 - 1 * fAct(CDC39, 0.48345630033873, 1.57482365339063)) * (1 - 1 * fAct(CDC50, 0.51277564172633, 1.77556297445204))) * (1 - 1 * fAct(SSN6_TUP1, 0.526191282225773, 1.5010502585629))) - 1 * fAct(HAP1, 0.412160876579583, 1.68932208231185) * (((1 - 1 * fAct(CDC39, 0.48345630033873, 1.57482365339063)) + (1 - 1 * fAct(CDC50, 0.51277564172633, 1.77556297445204)) - (1 - 1 * fAct(CDC39, 0.48345630033873, 1.57482365339063)) * (1 - 1 * fAct(CDC50, 0.51277564172633, 1.77556297445204))) + (1 - 1 * fAct(SSN6_TUP1, 0.526191282225773, 1.5010502585629)) - ((1 - 1 * fAct(CDC39, 0.48345630033873, 1.57482365339063)) + (1 - 1 * fAct(CDC50, 0.51277564172633, 1.77556297445204)) - (1 - 1 * fAct(CDC39, 0.48345630033873, 1.57482365339063)) * (1 - 1 * fAct(CDC50, 0.51277564172633, 1.77556297445204))) * (1 - 1 * fAct(SSN6_TUP1, 0.526191282225773, 1.5010502585629))))) * 1 - 1 * CYC1) / 1"
"CHA1","((1 * fAct(CHA4, 0.512039220426232, 1.42223245118046)) * 1 - 1 * CHA1) / 1"
"ENA1","(((((1 - 1 * fAct(TUP1, 0.591261858632788, 1.4134783974872)) + (((1 * fAct(CIN5, 0.498524105316028, 1.73868147648871) * 1 * fAct(CRZ1, 0.483934285957366, 1.53605579225346)) * 1 * fAct(HAL9, 0.415401741396636, 1.50795031546382)) * 1 * fAct(YAP6, 0.491519145900384, 1.53460893381154)) - (1 - 1 * fAct(TUP1, 0.591261858632788, 1.4134783974872)) * (((1 * fAct(CIN5, 0.498524105316028, 1.73868147648871) * 1 * fAct(CRZ1, 0.483934285957366, 1.53605579225346)) * 1 * fAct(HAL9, 0.415401741396636, 1.50795031546382)) * 1 * fAct(YAP6, 0.491519145900384, 1.53460893381154))) + (1 - 1 * fAct(HDA1_TUP1, 0.589777915179729, 1.65468149206601)) - ((1 - 1 * fAct(TUP1, 0.591261858632788, 1.4134783974872)) + (((1 * fAct(CIN5, 0.498524105316028, 1.73868147648871) * 1 * fAct(CRZ1, 0.483934285957366, 1.53605579225346)) * 1 * fAct(HAL9, 0.415401741396636, 1.50795031546382)) * 1 * fAct(YAP6, 0.491519145900384, 1.53460893381154)) - (1 - 1 * fAct(TUP1, 0.591261858632788, 1.4134783974872)) * (((1 * fAct(CIN5, 0.498524105316028, 1.73868147648871) * 1 * fAct(CRZ1, 0.483934285957366, 1.53605579225346)) * 1 * fAct(HAL9, 0.415401741396636, 1.50795031546382)) * 1 * fAct(YAP6, 0.491519145900384, 1.53460893381154))) * (1 - 1 * fAct(HDA1_TUP1, 0.589777915179729, 1.65468149206601)))) * 1 - 1 * ENA1) / 1"
"GSC2","((1 * fAct(CRZ1, 0.43576959464699, 1.63007832046133)) * 1 - 1 * GSC2) / 1"
"PMC1","((1 * fAct(CRZ1, 0.506642291042954, 1.76981903414009)) * 1 - 1 * PMC1) / 1"
"CUP1A","((1 * fAct(CUP2, 0.460391819104552, 1.39351135465549)) * 1 - 1 * CUP1A) / 1"
"CUP1B","((1 * fAct(CUP2, 0.438634632155299, 1.62563079455635)) * 1 - 1 * CUP1B) / 1"
"RS5","((1 * fAct(CUP2, 0.463679546490312, 1.72257068522973)) * 1 - 1 * RS5) / 1"
"SOD1","(((1 * fAct(CUP2, 0.581752211088315, 1.46693789524259) * 1 * fAct(HAP1, 0.468251026514918, 1.39962076373165))) * 1 - 1 * SOD1) / 1"
"CAN1","(((1 * fAct(GLN3, 0.50464871157892, 1.56597787164152) * (1 - 1 * fAct(DAL80, 0.560438364930451, 1.64624721780187)))) * 1 - 1 * CAN1) / 1"
"DAL1","((((1 * fAct(GLN3, 0.416403040336445, 1.49753927973565) * 1 * fAct(DAL81_DAL82, 0.40629831594415, 1.5386667473102)) * (1 - 1 * fAct(DAL80, 0.487452674657106, 1.65268862755038)))) * 1 - 1 * DAL1) / 1"
"DAL2","((((1 * fAct(GLN3, 0.582418544171378, 1.66533779042074) * 1 * fAct(DAL81_DAL82, 0.498881225800142, 1.7183866687608)) * (1 - 1 * fAct(DAL80, 0.409918264998123, 1.56292911964236)))) * 1 - 1 * DAL2) / 1"
"DAL3","(((1 * fAct(GLN3, 0.491238882951438, 1.61678826209391) * (1 - 1 * fAct(DAL80, 0.447152435500175, 1.66490861423546)))) * 1 - 1 * DAL3) / 1"
"DAL4","((((1 * fAct(GLN3, 0.438274039700627, 1.64924485649215) * 1 * fAct(DAL81_DAL82, 0.427386627253145, 1.43830620784545)) * (1 - 1 * fAct(DAL80, 0.556372108450159, 1.77149389975704)))) * 1 - 1 * DAL4) / 1"
"DAL5","(((1 * fAct(GLN3, 0.582613451266661, 1.606661532172) * (1 - 1 * fAct(DAL80, 0.492389370268211, 1.51266998378094)))) * 1 - 1 * DAL5) / 1"
"DAL7","((((1 * fAct(GLN3, 0.433273430122063, 1.39243825257756) * 1 * fAct(DAL81_DAL82, 0.57734445957467, 1.61386111530242)) * (1 - 1 * fAct(DAL80, 0.556759636709467, 1.54246680392185)))) * 1 - 1 * DAL7) / 1"
"DCG1","(((1 * fAct(GLN3, 0.432566305762157, 1.66517738679424) * (1 - 1 * fAct(DAL80, 0.418526619439945, 1.78229239406763)))) * 1 - 1 * DCG1) / 1"
"DUR1","((((1 * fAct(GLN3, 0.57173183048144, 1.77098538181046) * 1 * fAct(DAL81_DAL82, 0.523358931951225, 1.45822252216982)) * (1 - 1 * fAct(DAL80, 0.563223148789257, 1.78673752973555)))) * 1 - 1 * DUR1) / 1"
"DUR3","((((1 * fAct(GLN3, 0.563501180149615, 1.65111629545689) * 1 * fAct(DAL81_DAL82, 0.407396398345009, 1.71680207561702)) * (1 - 1 * fAct(DAL80, 0.582165156118572, 1.6849439524184)))) * 1 - 1 * DUR3) / 1"
"GDH1","((((1 * fAct(GLN3, 0.44171300730668, 1.73809377390891) * 1 * fAct(LEU3, 0.533197903819382, 1.47612021289999)) * (1 - 1 * fAct(DAL80, 0.425583519088104, 1.48861360322218)))) * 1 - 1 * GDH1) / 1"
"PUT1","(((1 * fAct(GLN3, 0.412274428270757, 1.53057037833612) * ((1 - 1 * fAct(DAL80, 0.401157128019258, 1.70645760511281)) + (1 - 1 * fAct(PHO4, 0.58671643906273, 1.69574528878089)) - (1 - 1 * fAct(DAL80, 0.401157128019258, 1.70645760511281)) * (1 - 1 * fAct(PHO4, 0.58671643906273, 1.69574528878089))))) * 1 - 1 * PUT1) / 1"
"PUT2","(((1 * fAct(GLN3, 0.517989937635139, 1.73777729483787) * ((1 - 1 * fAct(DAL80, 0.476654092082754, 1.68221002363134)) + (1 - 1 * fAct(PHO4, 0.493732766481116, 1.72688454858959)) - (1 - 1 * fAct(DAL80, 0.476654092082754, 1.68221002363134)) * (1 - 1 * fAct(PHO4, 0.493732766481116, 1.72688454858959))))) * 1 - 1 * PUT2) / 1"
"PUT4","(((1 * fAct(GLN3, 0.472159575484693, 1.40181580322096) * (1 - 1 * fAct(DAL80, 0.591708957124501, 1.50670429335209)))) * 1 - 1 * PUT4) / 1"
"UGA1","((((1 * fAct(GLN3, 0.542208046233281, 1.46223646323429) * (1 * fAct(UGA3, 0.495859065232798, 1.55906308546197) * 1 * fAct(DAL81_DAL82, 0.451541376672685, 1.48268912521889))) * (1 - 1 * fAct(DAL80, 0.437908331863582, 1.74653528818861)))) * 1 - 1 * UGA1) / 1"
"UGA2","((((1 - 1 * fAct(DAL80, 0.474884253274649, 1.69667213811539)) + (1 * fAct(DAL81, 0.458506085816771, 1.45288632390089) * 1 * fAct(UGA3, 0.546736232191324, 1.47268289020285)) - (1 - 1 * fAct(DAL80, 0.474884253274649, 1.69667213811539)) * (1 * fAct(DAL81, 0.458506085816771, 1.45288632390089) * 1 * fAct(UGA3, 0.546736232191324, 1.47268289020285)))) * 1 - 1 * UGA2) / 1"
"GAP1","((((1 * fAct(GLN3, 0.510056383023038, 1.69982249929337) * 1 * fAct(GAT1, 0.41012872592546, 1.41340540051227)) * (1 - 1 * fAct(DAL80_GZF3, 0.48897606190294, 1.6248493623035)))) * 1 - 1 * GAP1) / 1"
"UGA4","((((1 * fAct(GLN3, 0.555242593307048, 1.5686589055392) * (1 * fAct(DAL81, 0.508713797666132, 1.65679374233121) * 1 * fAct(UGA3, 0.499688109755516, 1.64261160776252))) * (1 - 1 * fAct(DAL80_GZF3, 0.422137040970847, 1.53271311689168)))) * 1 - 1 * UGA4) / 1"
"CLB2","(((1 * fAct(MCM1, 0.414515687711537, 1.7942389224167) * ((1 - 1 * fAct(FKH2, 0.424430801765993, 1.61095640374813)) + (1 - 1 * fAct(XBP1, 0.515579032711685, 1.47349477303913)) - (1 - 1 * fAct(FKH2, 0.424430801765993, 1.61095640374813)) * (1 - 1 * fAct(XBP1, 0.515579032711685, 1.47349477303913))))) * 1 - 1 * CLB2) / 1"
"STA1","((((1 * fAct(SNF2_SWI1, 0.403415760118514, 1.51228325833566) * (1 * fAct(FLO8, 0.503233203338459, 1.67806940210285) * 1 * fAct(SIN3, 0.467270207824185, 1.60826980755432))) * (1 - 1 * fAct(NRG1, 0.52672701231204, 1.6949591656914)))) * 1 - 1 * STA1) / 1"
"STA2","(((1 * fAct(SNF2_SWI1, 0.528682605735958, 1.5236226133001) * ((((1 * fAct(FLO8, 0.568829648708925, 1.6223320445139) * 1 * fAct(MSN1, 0.510102095501497, 1.78446658592438)) * 1 * fAct(SIN3, 0.538263548072427, 1.59461199376034)) * 1 * fAct(SNF5, 0.437546854745597, 1.55013131045038)) * 1 * fAct(SNF6, 0.468820848828182, 1.43300854901085)))) * 1 - 1 * STA2) / 1"
"GAL10","(((((1 - 1 * fAct(TUP1, 0.59807267524302, 1.58537743091816)) + ((1 * fAct(GAL11, 0.460858888505027, 1.56024142985232) * 1 * fAct(GAL4, 0.519955165497959, 1.56836091612931)) * 1 * fAct(SNF6, 0.554158623935655, 1.4267714115046)) - (1 - 1 * fAct(TUP1, 0.59807267524302, 1.58537743091816)) * ((1 * fAct(GAL11, 0.460858888505027, 1.56024142985232) * 1 * fAct(GAL4, 0.519955165497959, 1.56836091612931)) * 1 * fAct(SNF6, 0.554158623935655, 1.4267714115046))) + (1 - 1 * fAct(HDA1_TUP1, 0.571414097584784, 1.60742736082291)) - ((1 - 1 * fAct(TUP1, 0.59807267524302, 1.58537743091816)) + ((1 * fAct(GAL11, 0.460858888505027, 1.56024142985232) * 1 * fAct(GAL4, 0.519955165497959, 1.56836091612931)) * 1 * fAct(SNF6, 0.554158623935655, 1.4267714115046)) - (1 - 1 * fAct(TUP1, 0.59807267524302, 1.58537743091816)) * ((1 * fAct(GAL11, 0.460858888505027, 1.56024142985232) * 1 * fAct(GAL4, 0.519955165497959, 1.56836091612931)) * 1 * fAct(SNF6, 0.554158623935655, 1.4267714115046))) * (1 - 1 * fAct(HDA1_TUP1, 0.571414097584784, 1.60742736082291)))) * 1 - 1 * GAL10) / 1"
"GAL7","(((1 * fAct(GAL4, 0.538859429908916, 1.54791389758233) * 1 * fAct(GAL11, 0.476064180303365, 1.41884606519015))) * 1 - 1 * GAL7) / 1"
"FUR4","((1 * fAct(GAL4, 0.48047089157626, 1.75083250952652)) * 1 - 1 * FUR4) / 1"
"GAL3","((1 * fAct(GAL4, 0.467121353885159, 1.59100538817234)) * 1 - 1 * GAL3) / 1"
"GAL80","((1 * fAct(GAL4, 0.401393749285489, 1.65742973000975)) * 1 - 1 * GAL80) / 1"
"GCY1","((1 * fAct(GAL4, 0.521647810470313, 1.52576756825903)) * 1 - 1 * GCY1) / 1"
"LAP3","((1 * fAct(GAL4, 0.464379365742207, 1.71563030473655)) * 1 - 1 * LAP3) / 1"
"MEL1","((1 * fAct(GAL4, 0.450053738011047, 1.61720129885711)) * 1 - 1 * MEL1) / 1"
"PCL10","((1 * fAct(GAL4, 0.403606901923195, 1.68027517956914)) * 1 - 1 * PCL10) / 1"
"PGM2","(((1 * fAct(GAL4, 0.555748218111694, 1.63712117624702) * 1 * fAct(GCR1_GCR2, 0.553574107727036, 1.47404578764224))) * 1 - 1 * PGM2) / 1"
"GLN1","(((1 * fAct(GAT1, 0.477221086388454, 1.74080539384857) * 1 * fAct(GLN3, 0.46797641357407, 1.70884971825872))) * 1 - 1 * GLN1) / 1"
"ARG1","(((1 - 1 * fAct(ARG80_ARG81, 0.523561505135149, 1.59765290405601))) * 1 - 1 * ARG1) / 1"
"ARG3","(((1 - 1 * fAct(ARG80_ARG81, 0.464851060323417, 1.73603465508437))) * 1 - 1 * ARG3) / 1"
"ARG5","(((1 * fAct(MCM1, 0.538888207590208, 1.51235502931057) * (1 - 1 * fAct(ARG80_ARG81, 0.55469782804139, 1.6136858780589)))) * 1 - 1 * ARG5) / 1"
"ARG8","(((1 - 1 * fAct(ARG80_ARG81, 0.555367167713121, 1.66606395568466))) * 1 - 1 * ARG8) / 1"
"HAL1","((((1 - 1 * fAct(SKO1, 0.519120626430958, 1.75853531177854)) + (1 - 1 * fAct(TUP1, 0.407999112363905, 1.6384621967026)) - (1 - 1 * fAct(SKO1, 0.519120626430958, 1.75853531177854)) * (1 - 1 * fAct(TUP1, 0.407999112363905, 1.6384621967026)))) * 1 - 1 * HAL1) / 1"
"HIS3","(((1 - 1 * fAct(SKO1, 0.411628828011453, 1.73350003974512))) * 1 - 1 * HIS3) / 1"
"HIS4","((1 * fAct(RAP1, 0.522112860810012, 1.79243131058058)) * 1 - 1 * HIS4) / 1"
"ILV1","(((1 * fAct(LEU3, 0.407915023248643, 1.65721884750528) * 1 * fAct(REB1, 0.579526031343266, 1.76756930338452))) * 1 - 1 * ILV1) / 1"
"ILV2","(((1 * fAct(LEU3, 0.54576403060928, 1.50892482949886) * (1 - 1 * fAct(UME6, 0.499049635929987, 1.48310404389165)))) * 1 - 1 * ILV2) / 1"
"ILV5","((1 * fAct(LEU3, 0.43164299055934, 1.39114502368961)) * 1 - 1 * ILV5) / 1"
"LEU4","(((1 * fAct(LEU3, 0.563842451293021, 1.41919315025443) * 1 * fAct(PHO2, 0.410027062566951, 1.63377217557281))) * 1 - 1 * LEU4) / 1"
"TRP4","((1 * fAct(PHO2, 0.587416285416111, 1.42991661924403)) * 1 - 1 * TRP4) / 1"
"PHR1","(((1 * fAct(UME6, 0.489032812928781, 1.79413385995198) * ((1 - 1 * fAct(GIS1, 0.579855145933106, 1.66084366878262)) + (1 - 1 * fAct(RPH1, 0.41712185642682, 1.69169226482511)) - (1 - 1 * fAct(GIS1, 0.579855145933106, 1.66084366878262)) * (1 - 1 * fAct(RPH1, 0.41712185642682, 1.69169226482511))))) * 1 - 1 * PHR1) / 1"
"ASP3A","((1 * fAct(GLN3, 0.408009846461937, 1.60903181864182)) * 1 - 1 * ASP3A) / 1"
"ASP3B","((1 * fAct(GLN3, 0.561683000810444, 1.7678329175408)) * 1 - 1 * ASP3B) / 1"
"ASP3C","((1 * fAct(GLN3, 0.479425669508055, 1.78584720848128)) * 1 - 1 * ASP3C) / 1"
"ASP3D","((1 * fAct(GLN3, 0.431746534444392, 1.65842920602765)) * 1 - 1 * ASP3D) / 1"
"GDH2","((1 * fAct(GLN3, 0.511395051144063, 1.40417927838862)) * 1 - 1 * GDH2) / 1"
"PRB1","(((1 * fAct(GLN3, 0.524358567176387, 1.63656924455427) * ((1 - 1 * fAct(SNF2, 0.475863781245425, 1.62841917844024)) + (1 - 1 * fAct(SNF5, 0.594109755707905, 1.72548167990288)) - (1 - 1 * fAct(SNF2, 0.475863781245425, 1.62841917844024)) * (1 - 1 * fAct(SNF5, 0.594109755707905, 1.72548167990288))))) * 1 - 1 * PRB1) / 1"
"ACO1","(((1 * fAct(HAP1, 0.590406906651333, 1.68896118419943) * ((1 * fAct(HAP2, 0.495275812875479, 1.75385812627617) * 1 * fAct(RTG2, 0.49975705742836, 1.79846589270281)) * 1 * fAct(RTG3, 0.417345177568495, 1.40270789078204)))) * 1 - 1 * ACO1) / 1"
"CTT1","(((1 * fAct(HAP1, 0.44779646685347, 1.62881499822252) * 1 * fAct(MAC1, 0.546253375196829, 1.75856235394254))) * 1 - 1 * CTT1) / 1"
"CYB2","((1 * fAct(HAP1, 0.523419808736071, 1.74280937818345)) * 1 - 1 * CYB2) / 1"
"CYC7","(((((1 - 1 * fAct(TUP1, 0.5972659077961, 1.45323224377353)) + 1 * fAct(HAP1, 0.53895133016631, 1.46507013427792) - (1 - 1 * fAct(TUP1, 0.5972659077961, 1.45323224377353)) * 1 * fAct(HAP1, 0.53895133016631, 1.46507013427792)) + ((1 - 1 * fAct(ROX1, 0.457780669536442, 1.55606701003388)) + (1 - 1 * fAct(HDA1_TUP1, 0.541132134664804, 1.55236779691186)) - (1 - 1 * fAct(ROX1, 0.457780669536442, 1.55606701003388)) * (1 - 1 * fAct(HDA1_TUP1, 0.541132134664804, 1.55236779691186))) - ((1 - 1 * fAct(TUP1, 0.5972659077961, 1.45323224377353)) + 1 * fAct(HAP1, 0.53895133016631, 1.46507013427792) - (1 - 1 * fAct(TUP1, 0.5972659077961, 1.45323224377353)) * 1 * fAct(HAP1, 0.53895133016631, 1.46507013427792)) * ((1 - 1 * fAct(ROX1, 0.457780669536442, 1.55606701003388)) + (1 - 1 * fAct(HDA1_TUP1, 0.541132134664804, 1.55236779691186)) - (1 - 1 * fAct(ROX1, 0.457780669536442, 1.55606701003388)) * (1 - 1 * fAct(HDA1_TUP1, 0.541132134664804, 1.55236779691186))))) * 1 - 1 * CYC7) / 1"
"ERG11","(((1 * fAct(HAP1, 0.525932404445484, 1.41774275375763) * (1 - 1 * fAct(ROX1, 0.455041049281135, 1.47421913887141)))) * 1 - 1 * ERG11) / 1"
"HEM13","(((1 * fAct(HAP1, 0.504339586570859, 1.57175364337396) * ((1 - 1 * fAct(MOT3, 0.497313085058704, 1.43538896384649)) + (1 - 1 * fAct(ROX1, 0.436818923288956, 1.39856720147654)) - (1 - 1 * fAct(MOT3, 0.497313085058704, 1.43538896384649)) * (1 - 1 * fAct(ROX1, 0.436818923288956, 1.39856720147654))))) * 1 - 1 * HEM13) / 1"
"HMG1","((1 * fAct(HAP1, 0.405917079607025, 1.75311020430876)) * 1 - 1 * HMG1) / 1"
"HYP2","((1 * fAct(HAP1, 0.437828268762678, 1.73977666203165)) * 1 - 1 * HYP2) / 1"
"QCR2","((1 * fAct(HAP1, 0.437234586942941, 1.47908369770972)) * 1 - 1 * QCR2) / 1"
"SOD2","((1 * fAct(HAP1, 0.472018737113103, 1.55663119447185)) * 1 - 1 * SOD2) / 1"
"AAC1","((1 * fAct(HAP2, 0.578394719585776, 1.70627766615013)) * 1 - 1 * AAC1) / 1"
"SDH4","((1 * fAct(HAP2, 0.425543340900913, 1.5999323026184)) * 1 - 1 * SDH4) / 1"
"MDH1","((1 * fAct(HAP4, 0.54387797145173, 1.63005428215489)) * 1 - 1 * MDH1) / 1"
"ERG10","(((1 - 1 * fAct(HDA1, 0.531197742046788, 1.61149201865308))) * 1 - 1 * ERG10) / 1"
"INH1","(((1 - 1 * fAct(HDA1, 0.470161508116871, 1.5537165259989))) * 1 - 1 * INH1) / 1"
"INO1","(((((1 - 1 * fAct(UME6, 0.496713020140305, 1.61060351048131)) + ((1 * fAct(INO2_INO4, 0.464628324937075, 1.42603592346655) * 1 * fAct(SNF2, 0.507671123556793, 1.65571310249623)) * 1 * fAct(SNF6, 0.599809092702344, 1.51638913785107)) - (1 - 1 * fAct(UME6, 0.496713020140305, 1.61060351048131)) * ((1 * fAct(INO2_INO4, 0.464628324937075, 1.42603592346655) * 1 * fAct(SNF2, 0.507671123556793, 1.65571310249623)) * 1 * fAct(SNF6, 0.599809092702344, 1.51638913785107))) + ((1 - 1 * fAct(HDA1, 0.513648201152682, 1.39719725876115)) + (1 - 1 * fAct(SDS3, 0.572197123896331, 1.69981155884452)) - (1 - 1 * fAct(HDA1, 0.513648201152682, 1.39719725876115)) * (1 - 1 * fAct(SDS3, 0.572197123896331, 1.69981155884452))) - ((1 - 1 * fAct(UME6, 0.496713020140305, 1.61060351048131)) + ((1 * fAct(INO2_INO4, 0.464628324937075, 1.42603592346655) * 1 * fAct(SNF2, 0.507671123556793, 1.65571310249623)) * 1 * fAct(SNF6, 0.599809092702344, 1.51638913785107)) - (1 - 1 * fAct(UME6, 0.496713020140305, 1.61060351048131)) * ((1 * fAct(INO2_INO4, 0.464628324937075, 1.42603592346655) * 1 * fAct(SNF2, 0.507671123556793, 1.65571310249623)) * 1 * fAct(SNF6, 0.599809092702344, 1.51638913785107))) * ((1 - 1 * fAct(HDA1, 0.513648201152682, 1.39719725876115)) + (1 - 1 * fAct(SDS3, 0.572197123896331, 1.69981155884452)) - (1 - 1 * fAct(HDA1, 0.513648201152682, 1.39719725876115)) * (1 - 1 * fAct(SDS3, 0.572197123896331, 1.69981155884452))))) * 1 - 1 * INO1) / 1"
"PHO3","(((1 * fAct(THI2, 0.521024867612869, 1.41407564163674) * (1 - 1 * fAct(HDA1, 0.568431710032746, 1.53369193409802)))) * 1 - 1 * PHO3) / 1"
"PHO5","((((1 * fAct(SNF2_SWI1, 0.553791532851756, 1.59067655650433) * ((((1 * fAct(INO2, 0.513371151639149, 1.74065298590343) * 1 * fAct(PHO2, 0.438940043421462, 1.69829064601101)) * 1 * fAct(PHO4, 0.439326863456518, 1.73385733975796)) * 1 * fAct(SIN3, 0.558720755483955, 1.74313803783152)) * 1 * fAct(SPT21, 0.483365918183699, 1.50335802752757))) * ((1 - 1 * fAct(HDA1, 0.439547486323863, 1.41974726656219)) + (1 - 1 * fAct(PHO23, 0.53253388972953, 1.65039288508939)) - (1 - 1 * fAct(HDA1, 0.439547486323863, 1.41974726656219)) * (1 - 1 * fAct(PHO23, 0.53253388972953, 1.65039288508939))))) * 1 - 1 * PHO5) / 1"
"DIT1","((((1 * fAct(IME1, 0.573155233915895, 1.62386325992877) * 1 * fAct(RIM101, 0.450908712111413, 1.56468986826483)) * (1 - 1 * fAct(SSN6_TUP1, 0.55602287678048, 1.63380656715017)))) * 1 - 1 * DIT1) / 1"
"HOP1","((((1 - 1 * fAct(UME6, 0.598174150241539, 1.77229721519863)) + 1 * fAct(IME1, 0.52250029486604, 1.49638436012669) - (1 - 1 * fAct(UME6, 0.598174150241539, 1.77229721519863)) * 1 * fAct(IME1, 0.52250029486604, 1.49638436012669))) * 1 - 1 * HOP1) / 1"
"IME2","(((((1 - 1 * fAct(UME6, 0.50436850823462, 1.61234180276981)) + 1 * fAct(IME1, 0.54769576783292, 1.72955088614253) - (1 - 1 * fAct(UME6, 0.50436850823462, 1.61234180276981)) * 1 * fAct(IME1, 0.54769576783292, 1.72955088614253)) + (1 - 1 * fAct(SDS3, 0.497223380673677, 1.55661779839545)) - ((1 - 1 * fAct(UME6, 0.50436850823462, 1.61234180276981)) + 1 * fAct(IME1, 0.54769576783292, 1.72955088614253) - (1 - 1 * fAct(UME6, 0.50436850823462, 1.61234180276981)) * 1 * fAct(IME1, 0.54769576783292, 1.72955088614253)) * (1 - 1 * fAct(SDS3, 0.497223380673677, 1.55661779839545)))) * 1 - 1 * IME2) / 1"
"MER1","((((1 - 1 * fAct(UME6, 0.422325497912243, 1.73644931878196)) + 1 * fAct(IME1, 0.494970836257562, 1.42736165868118) - (1 - 1 * fAct(UME6, 0.422325497912243, 1.73644931878196)) * 1 * fAct(IME1, 0.494970836257562, 1.42736165868118))) * 1 - 1 * MER1) / 1"
"REC114","((((1 - 1 * fAct(UME6, 0.422569827269763, 1.6223736431729)) + 1 * fAct(IME1, 0.515664949268103, 1.57710530549055) - (1 - 1 * fAct(UME6, 0.422569827269763, 1.6223736431729)) * 1 * fAct(IME1, 0.515664949268103, 1.57710530549055))) * 1 - 1 * REC114) / 1"
"RIM11","((1 * fAct(IME1, 0.566997210728005, 1.60165485097794)) * 1 - 1 * RIM11) / 1"
"RIM4","((((1 - 1 * fAct(UME6, 0.566789845330641, 1.69161012205994)) + 1 * fAct(IME1, 0.587542292382568, 1.77228868159698) - (1 - 1 * fAct(UME6, 0.566789845330641, 1.69161012205994)) * 1 * fAct(IME1, 0.587542292382568, 1.77228868159698))) * 1 - 1 * RIM4) / 1"
"SGA1","((1 * fAct(IME1, 0.491136309923604, 1.54688998537837)) * 1 - 1 * SGA1) / 1"
"SPO11","((((1 - 1 * fAct(UME6, 0.419191507296637, 1.49335279990686)) + (1 * fAct(IME1, 0.404816994816065, 1.69599453793606) * 1 * fAct(SIN3, 0.565487544890493, 1.46809186692815)) - (1 - 1 * fAct(UME6, 0.419191507296637, 1.49335279990686)) * (1 * fAct(IME1, 0.404816994816065, 1.69599453793606) * 1 * fAct(SIN3, 0.565487544890493, 1.46809186692815)))) * 1 - 1 * SPO11) / 1"
"SPO13","((((1 - 1 * fAct(UME6, 0.534381271572784, 1.59891918795882)) + 1 * fAct(IME1, 0.497074935073033, 1.69700225315522) - (1 - 1 * fAct(UME6, 0.534381271572784, 1.59891918795882)) * 1 * fAct(IME1, 0.497074935073033, 1.69700225315522))) * 1 - 1 * SPO13) / 1"
"SPS1","((1 * fAct(IME1, 0.463635945226997, 1.49302370801335)) * 1 - 1 * SPS1) / 1"
"SPS2","((1 * fAct(IME1, 0.56599175427109, 1.52789393714163)) * 1 - 1 * SPS2) / 1"
"SPS4","((1 * fAct(IME1, 0.540967396227643, 1.48412660647416)) * 1 - 1 * SPS4) / 1"
"ACC1","(((1 * fAct(INO2, 0.58981115790084, 1.41519023192581) * 1 * fAct(INO4, 0.421356259286404, 1.4767553323647))) * 1 - 1 * ACC1) / 1"
"ADK1","((1 * fAct(INO2, 0.521182568883523, 1.4133910332201)) * 1 - 1 * ADK1) / 1"
"PMA1","(((1 * fAct(RAP1, 0.417747579794377, 1.3970037820586) * (1 * fAct(INO2, 0.526717567164451, 1.41932043851586) * 1 * fAct(MCM1, 0.419269420718774, 1.67227920370176)))) * 1 - 1 * PMA1) / 1"
"CDS1","((1 * fAct(INO2_INO4, 0.497922166017815, 1.55734307377599)) * 1 - 1 * CDS1) / 1"
"CHO1","(((1 * fAct(UME6, 0.479688331345096, 1.4473745834874) * 1 * fAct(INO2_INO4, 0.560874592093751, 1.49292403296102))) * 1 - 1 * CHO1) / 1"
"CHO2","(((1 * fAct(UME6, 0.521747217560187, 1.58252834308892) * 1 * fAct(INO2_INO4, 0.510921343788505, 1.57494890232803))) * 1 - 1 * CHO2) / 1"
"CKI1","((1 * fAct(INO2_INO4, 0.41103608654812, 1.4463017718005)) * 1 - 1 * CKI1) / 1"
"EPT1","((1 * fAct(INO2_INO4, 0.535123104555532, 1.67980731121264)) * 1 - 1 * EPT1) / 1"
"FAS1","(((1 * fAct(INO2_INO4, 0.45951002961956, 1.52178441313095) * 1 * fAct(REB1, 0.506716668698937, 1.58811063592322))) * 1 - 1 * FAS1) / 1"
"FAS2","(((1 * fAct(INO2_INO4, 0.457536624697968, 1.61177660816815) * 1 * fAct(REB1, 0.431752490019426, 1.40555414725095))) * 1 - 1 * FAS2) / 1"
"HNM1","((1 * fAct(INO2_INO4, 0.583699727058411, 1.40978494388284)) * 1 - 1 * HNM1) / 1"
"ITR1","((1 * fAct(INO2_INO4, 0.423251945525408, 1.75929415195249)) * 1 - 1 * ITR1) / 1"
"OPI3","(((1 * fAct(UME6, 0.555280776508152, 1.55833660174161) * 1 * fAct(INO2_INO4, 0.417925903201103, 1.6076971108024))) * 1 - 1 * OPI3) / 1"
"PGS1","((1 * fAct(INO2_INO4, 0.540327547164634, 1.39769279235275)) * 1 - 1 * PGS1) / 1"
"PSD1","((1 * fAct(INO2_INO4, 0.576146411523223, 1.64573253930779)) * 1 - 1 * PSD1) / 1"
"COX5B","((((1 - 1 * fAct(ROX1, 0.467284906934947, 1.6605625709286)) + (1 - 1 * fAct(IXR1, 0.506193359429017, 1.55002462429693)) - (1 - 1 * fAct(ROX1, 0.467284906934947, 1.6605625709286)) * (1 - 1 * fAct(IXR1, 0.506193359429017, 1.55002462429693)))) * 1 - 1 * COX5B) / 1"
"LEU1","((1 * fAct(LEU3, 0.484748215274885, 1.61132532150252)) * 1 - 1 * LEU1) / 1"
"LEU2","(((1 * fAct(SPT16, 0.492943940451369, 1.57113095927052) * 1 * fAct(LEU3, 0.502454583533108, 1.68832112846896))) * 1 - 1 * LEU2) / 1"
"FRE7","((1 * fAct(MAC1, 0.503058334626257, 1.51274766233284)) * 1 - 1 * FRE7) / 1"
"YJL217W","((1 * fAct(MAC1, 0.504754981398582, 1.60052420555847)) * 1 - 1 * YJL217W) / 1"
"RNR1","(((1 - 1 * fAct(TUP1, 0.515034916251898, 1.72360892253229))) * 1 - 1 * RNR1) / 1"
"CAR1","((((1 - 1 * fAct(UME6, 0.58424058011733, 1.72161538826535)) + ((1 * fAct(MCM1, 0.469484699051827, 1.62280210760422) * 1 * fAct(RAP1, 0.595485666114837, 1.50090354102198)) * 1 * fAct(ARG80_ARG81, 0.576810648897663, 1.67481833222555)) - (1 - 1 * fAct(UME6, 0.58424058011733, 1.72161538826535)) * ((1 * fAct(MCM1, 0.469484699051827, 1.62280210760422) * 1 * fAct(RAP1, 0.595485666114837, 1.50090354102198)) * 1 * fAct(ARG80_ARG81, 0.576810648897663, 1.67481833222555)))) * 1 - 1 * CAR1) / 1"
"CAR2","((((((1 - 1 * fAct(MCM1, 0.457562227733433, 1.52302151044365)) + (1 - 1 * fAct(UME6, 0.455593281658366, 1.789287842419)) - (1 - 1 * fAct(MCM1, 0.457562227733433, 1.52302151044365)) * (1 - 1 * fAct(UME6, 0.455593281658366, 1.789287842419))) + (1 - 1 * fAct(ARG80_ARG81, 0.546482976898551, 1.68856180908391)) - ((1 - 1 * fAct(MCM1, 0.457562227733433, 1.52302151044365)) + (1 - 1 * fAct(UME6, 0.455593281658366, 1.789287842419)) - (1 - 1 * fAct(MCM1, 0.457562227733433, 1.52302151044365)) * (1 - 1 * fAct(UME6, 0.455593281658366, 1.789287842419))) * (1 - 1 * fAct(ARG80_ARG81, 0.546482976898551, 1.68856180908391))) + (1 - 1 * fAct(DAL81_DAL82, 0.441914294147864, 1.52465222364059)) - (((1 - 1 * fAct(MCM1, 0.457562227733433, 1.52302151044365)) + (1 - 1 * fAct(UME6, 0.455593281658366, 1.789287842419)) - (1 - 1 * fAct(MCM1, 0.457562227733433, 1.52302151044365)) * (1 - 1 * fAct(UME6, 0.455593281658366, 1.789287842419))) + (1 - 1 * fAct(ARG80_ARG81, 0.546482976898551, 1.68856180908391)) - ((1 - 1 * fAct(MCM1, 0.457562227733433, 1.52302151044365)) + (1 - 1 * fAct(UME6, 0.455593281658366, 1.789287842419)) - (1 - 1 * fAct(MCM1, 0.457562227733433, 1.52302151044365)) * (1 - 1 * fAct(UME6, 0.455593281658366, 1.789287842419))) * (1 - 1 * fAct(ARG80_ARG81, 0.546482976898551, 1.68856180908391))) * (1 - 1 * fAct(DAL81_DAL82, 0.441914294147864, 1.52465222364059)))) * 1 - 1 * CAR2) / 1"
"CDC5","((1 * fAct(MCM1, 0.4211617232766, 1.73238053533714)) * 1 - 1 * CDC5) / 1"
"CLB1","((1 * fAct(MCM1, 0.427822455437854, 1.72391590089072)) * 1 - 1 * CLB1) / 1"
"STE2","(((1 * fAct(MCM1, 0.451063018664718, 1.54832962862449) * (1 - 1 * fAct(TUP1, 0.451915468089283, 1.39695918001933)))) * 1 - 1 * STE2) / 1"
"MET2","((1 * fAct(MET4, 0.527690545190126, 1.70179439055035)) * 1 - 1 * MET2) / 1"
"MET3","((1 * fAct(MET4, 0.474161074077711, 1.64423387527699)) * 1 - 1 * MET3) / 1"
"MET6","((1 * fAct(MET4, 0.447977079311386, 1.41988191158744)) * 1 - 1 * MET6) / 1"
"HXT2","(((((1 - 1 * fAct(RGT1, 0.571337316418067, 1.77300168132177)) + (1 - 1 * fAct(HDA1_TUP1, 0.410440937662497, 1.55080669718562)) - (1 - 1 * fAct(RGT1, 0.571337316418067, 1.77300168132177)) * (1 - 1 * fAct(HDA1_TUP1, 0.410440937662497, 1.55080669718562))) + (1 - 1 * fAct(SSN6_TUP1, 0.454915853170678, 1.54127942227991)) - ((1 - 1 * fAct(RGT1, 0.571337316418067, 1.77300168132177)) + (1 - 1 * fAct(HDA1_TUP1, 0.410440937662497, 1.55080669718562)) - (1 - 1 * fAct(RGT1, 0.571337316418067, 1.77300168132177)) * (1 - 1 * fAct(HDA1_TUP1, 0.410440937662497, 1.55080669718562))) * (1 - 1 * fAct(SSN6_TUP1, 0.454915853170678, 1.54127942227991)))) * 1 - 1 * HXT2) / 1"
"HXT4","(((((1 - 1 * fAct(RGT1, 0.485797562496737, 1.47771298205014)) + (1 - 1 * fAct(HDA1_TUP1, 0.584147982951254, 1.43109223928535)) - (1 - 1 * fAct(RGT1, 0.485797562496737, 1.47771298205014)) * (1 - 1 * fAct(HDA1_TUP1, 0.584147982951254, 1.43109223928535))) + (1 - 1 * fAct(SSN6_TUP1, 0.422582418797538, 1.76678299319232)) - ((1 - 1 * fAct(RGT1, 0.485797562496737, 1.47771298205014)) + (1 - 1 * fAct(HDA1_TUP1, 0.584147982951254, 1.43109223928535)) - (1 - 1 * fAct(RGT1, 0.485797562496737, 1.47771298205014)) * (1 - 1 * fAct(HDA1_TUP1, 0.584147982951254, 1.43109223928535))) * (1 - 1 * fAct(SSN6_TUP1, 0.422582418797538, 1.76678299319232)))) * 1 - 1 * HXT4) / 1"
"SUC2","((((1 * fAct(SNF2, 0.538083607517183, 1.66776296919677) * 1 * fAct(SNF6, 0.57126585082151, 1.51324956323951)) + (((1 - 1 * fAct(SKO1, 0.497120492300019, 1.5870116223162)) + (1 - 1 * fAct(HDA1_TUP1, 0.417577514145523, 1.67848677353933)) - (1 - 1 * fAct(SKO1, 0.497120492300019, 1.5870116223162)) * (1 - 1 * fAct(HDA1_TUP1, 0.417577514145523, 1.67848677353933))) + (1 - 1 * fAct(SSN6_TUP1, 0.419225399615243, 1.66479559771018)) - ((1 - 1 * fAct(SKO1, 0.497120492300019, 1.5870116223162)) + (1 - 1 * fAct(HDA1_TUP1, 0.417577514145523, 1.67848677353933)) - (1 - 1 * fAct(SKO1, 0.497120492300019, 1.5870116223162)) * (1 - 1 * fAct(HDA1_TUP1, 0.417577514145523, 1.67848677353933))) * (1 - 1 * fAct(SSN6_TUP1, 0.419225399615243, 1.66479559771018))) - (1 * fAct(SNF2, 0.538083607517183, 1.66776296919677) * 1 * fAct(SNF6, 0.57126585082151, 1.51324956323951)) * (((1 - 1 * fAct(SKO1, 0.497120492300019, 1.5870116223162)) + (1 - 1 * fAct(HDA1_TUP1, 0.417577514145523, 1.67848677353933)) - (1 - 1 * fAct(SKO1, 0.497120492300019, 1.5870116223162)) * (1 - 1 * fAct(HDA1_TUP1, 0.417577514145523, 1.67848677353933))) + (1 - 1 * fAct(SSN6_TUP1, 0.419225399615243, 1.66479559771018)) - ((1 - 1 * fAct(SKO1, 0.497120492300019, 1.5870116223162)) + (1 - 1 * fAct(HDA1_TUP1, 0.417577514145523, 1.67848677353933)) - (1 - 1 * fAct(SKO1, 0.497120492300019, 1.5870116223162)) * (1 - 1 * fAct(HDA1_TUP1, 0.417577514145523, 1.67848677353933))) * (1 - 1 * fAct(SSN6_TUP1, 0.419225399615243, 1.66479559771018))))) * 1 - 1 * SUC2) / 1"
"AAC3","((((1 - 1 * fAct(RAP1, 0.495978325931355, 1.5208103977819)) + ((1 - 1 * fAct(MOT3, 0.464196047699079, 1.47026270773727)) + (1 - 1 * fAct(ROX1, 0.599308411590755, 1.58586182769854)) - (1 - 1 * fAct(MOT3, 0.464196047699079, 1.47026270773727)) * (1 - 1 * fAct(ROX1, 0.599308411590755, 1.58586182769854))) - (1 - 1 * fAct(RAP1, 0.495978325931355, 1.5208103977819)) * ((1 - 1 * fAct(MOT3, 0.464196047699079, 1.47026270773727)) + (1 - 1 * fAct(ROX1, 0.599308411590755, 1.58586182769854)) - (1 - 1 * fAct(MOT3, 0.464196047699079, 1.47026270773727)) * (1 - 1 * fAct(ROX1, 0.599308411590755, 1.58586182769854))))) * 1 - 1 * AAC3) / 1"
"ANB1","((((1 - 1 * fAct(TUP1, 0.416878776345402, 1.55888962025288)) + ((1 - 1 * fAct(MOT3, 0.507452291157097, 1.70726365359034)) + (1 - 1 * fAct(ROX1, 0.54839669787325, 1.49133781918325)) - (1 - 1 * fAct(MOT3, 0.507452291157097, 1.70726365359034)) * (1 - 1 * fAct(ROX1, 0.54839669787325, 1.49133781918325))) - (1 - 1 * fAct(TUP1, 0.416878776345402, 1.55888962025288)) * ((1 - 1 * fAct(MOT3, 0.507452291157097, 1.70726365359034)) + (1 - 1 * fAct(ROX1, 0.54839669787325, 1.49133781918325)) - (1 - 1 * fAct(MOT3, 0.507452291157097, 1.70726365359034)) * (1 - 1 * fAct(ROX1, 0.54839669787325, 1.49133781918325))))) * 1 - 1 * ANB1) / 1"
"CPH1","((1 * fAct(ROX1, 0.560676819458604, 1.62838155189529)) * 1 - 1 * CPH1) / 1"
"HXT1","((((1 * fAct(SNF2_SWI1, 0.513700669398531, 1.43352655526018) * 1 * fAct(MTH1, 0.514266828726977, 1.42408329853788)) * ((1 - 1 * fAct(RGT1, 0.418242470826954, 1.61709235200658)) + (1 - 1 * fAct(SSN6, 0.506503054825589, 1.44723372846609)) - (1 - 1 * fAct(RGT1, 0.418242470826954, 1.61709235200658)) * (1 - 1 * fAct(SSN6, 0.506503054825589, 1.44723372846609))))) * 1 - 1 * HXT1) / 1"
"HXT3","((((1 * fAct(SNF2_SWI1, 0.466454442916438, 1.60985092727002) * 1 * fAct(MTH1, 0.418417879706249, 1.61169254750479)) * ((1 - 1 * fAct(RGT1, 0.420621483167633, 1.45745593556203)) + (1 - 1 * fAct(SSN6, 0.431135028693825, 1.67787653128849)) - (1 - 1 * fAct(RGT1, 0.420621483167633, 1.45745593556203)) * (1 - 1 * fAct(SSN6, 0.431135028693825, 1.67787653128849))))) * 1 - 1 * HXT3) / 1"
"POX1","(((1 - 1 * fAct(UME6, 0.526812434894964, 1.60760328824632))) * 1 - 1 * POX1) / 1"
"FLO1","((((1 - 1 * fAct(PHO2, 0.583596106059849, 1.66764885764336)) + (1 - 1 * fAct(SSN6_TUP1, 0.431780500896275, 1.51404877244495)) - (1 - 1 * fAct(PHO2, 0.583596106059849, 1.66764885764336)) * (1 - 1 * fAct(SSN6_TUP1, 0.431780500896275, 1.51404877244495)))) * 1 - 1 * FLO1) / 1"
"FLO10","(((1 - 1 * fAct(PHO2, 0.588841969612986, 1.452938928972))) * 1 - 1 * FLO10) / 1"
"PHO11","(((1 * fAct(SNF2_SWI1, 0.521464993292466, 1.7180432175938) * (1 * fAct(PHO2, 0.481547116907313, 1.55861980411923) * 1 * fAct(PHO4, 0.490978655777872, 1.68362128215609)))) * 1 - 1 * PHO11) / 1"
"PHO12","(((1 * fAct(SNF2_SWI1, 0.538109869556502, 1.56897527597612) * (1 * fAct(PHO2, 0.595778720639646, 1.42959065769333) * 1 * fAct(PHO4, 0.571326023153961, 1.55724381626816)))) * 1 - 1 * PHO12) / 1"
"PHO8","(((1 * fAct(PHO2, 0.482211508601904, 1.65073146967683) * 1 * fAct(PHO4, 0.506420313939452, 1.4861120122741))) * 1 - 1 * PHO8) / 1"
"PHO81","(((1 * fAct(PHO2, 0.40038279555738, 1.63201245334232) * 1 * fAct(PHO4, 0.599358156090602, 1.43436520113377))) * 1 - 1 * PHO81) / 1"
"PHO84","(((1 * fAct(SNF2_SWI1, 0.494903512392193, 1.42044742855942) * 1 * fAct(PHO4, 0.503652270510793, 1.61458254744066))) * 1 - 1 * PHO84) / 1"
"SPL2","((1 * fAct(PHO4, 0.543707725824788, 1.70833601346239)) * 1 - 1 * SPL2) / 1"
"ENO1","((((1 * fAct(RAP1, 0.5205723174382, 1.66869182434864) * 1 * fAct(GCR1_GCR2, 0.591850267490372, 1.76489288987359)) * (1 - 1 * fAct(REB1, 0.587386815669015, 1.5713380551408)))) * 1 - 1 * ENO1) / 1"
"ENO2","(((1 * fAct(RAP1, 0.587683429848403, 1.48881787326885) * 1 * fAct(GCR1_GCR2, 0.401413890067488, 1.61161662943661))) * 1 - 1 * ENO2) / 1"
"GPD1","((1 * fAct(RAP1, 0.402706736233085, 1.75151582760271)) * 1 - 1 * GPD1) / 1"
"RPL19A","(((1 - 1 * fAct(RAP1, 0.591199748730287, 1.68918542354601))) * 1 - 1 * RPL19A) / 1"
"RPL19B","(((1 - 1 * fAct(RAP1, 0.400890872068703, 1.47903671812965))) * 1 - 1 * RPL19B) / 1"
"RPP2B","(((1 - 1 * fAct(RAP1, 0.445421121595427, 1.54505254641175))) * 1 - 1 * RPP2B) / 1"
"RPS13","((1 * fAct(RAP1, 0.534574093297124, 1.57795124216471)) * 1 - 1 * RPS13) / 1"
"RPS6A","((1 * fAct(RAP1, 0.449740320676938, 1.41223064343445)) * 1 - 1 * RPS6A) / 1"
"ACT1","(((1 * fAct(SPT16, 0.545518926205114, 1.66378493600525) * (1 * fAct(REB1, 0.468689054204151, 1.69065294834087) * 1 * fAct(SRB7, 0.446452174754813, 1.7268032284081)))) * 1 - 1 * ACT1) / 1"
"TPI1","(((1 * fAct(REB1, 0.552810057811439, 1.7177110023261) * 1 * fAct(GCR1_GCR2, 0.547771229734644, 1.75576021123212))) * 1 - 1 * TPI1) / 1"
"HUG1","((((1 - 1 * fAct(SSN6_TUP1, 0.416588440584019, 1.63828606862109)) + (1 - 1 * fAct(RFX1, 0.589313102466986, 1.46954396500951)) - (1 - 1 * fAct(SSN6_TUP1, 0.416588440584019, 1.63828606862109)) * (1 - 1 * fAct(RFX1, 0.589313102466986, 1.46954396500951)))) * 1 - 1 * HUG1) / 1"
"PYC1","((1 * fAct(RGT1, 0.510986377252266, 1.39822137763724)) * 1 - 1 * PYC1) / 1"
"DIT2","((((1 - 1 * fAct(SSN6_TUP1, 0.528637272678316, 1.6518190141744)) + 1 * fAct(RIM101, 0.40684936218895, 1.56214443132514) - (1 - 1 * fAct(SSN6_TUP1, 0.528637272678316, 1.6518190141744)) * 1 * fAct(RIM101, 0.40684936218895, 1.56214443132514))) * 1 - 1 * DIT2) / 1"
"CLN2","(((1 * fAct(SPT16, 0.512327070813626, 1.43111303069163) * (1 * fAct(RME1, 0.55740387509577, 1.69479477763642) * 1 * fAct(SWI4_SWI6, 0.50796341272071, 1.39295693230117)))) * 1 - 1 * CLN2) / 1"
"GEF1","(((1 - 1 * fAct(ROX1, 0.478775068884715, 1.65762658382067))) * 1 - 1 * GEF1) / 1"
"OLE1","(((1 - 1 * fAct(ROX1, 0.572261127457023, 1.55143647047691))) * 1 - 1 * OLE1) / 1"
"CIT1","(((1 * fAct(RTG1_RTG3, 0.592582454439253, 1.45529719752958) * 1 * fAct(RTG2, 0.432251003431156, 1.62677838852163))) * 1 - 1 * CIT1) / 1"
"CIT2","(((1 * fAct(RTG1_RTG3, 0.517855055211112, 1.61774649838451) * 1 * fAct(RTG2, 0.416407790547237, 1.64387802951038))) * 1 - 1 * CIT2) / 1"
"IDH2","(((1 * fAct(RTG1_RTG3, 0.554787836642936, 1.69340404504212) * 1 * fAct(RTG2, 0.55487044933252, 1.70076376069104))) * 1 - 1 * IDH2) / 1"
"BAR1","(((1 * fAct(SIN3, 0.442064292216673, 1.47312114888802) * ((1 - 1 * fAct(TUP1, 0.563159565394744, 1.73157451702515)) + (1 - 1 * fAct(UME6, 0.573142455378547, 1.66708280189196)) - (1 - 1 * fAct(TUP1, 0.563159565394744, 1.73157451702515)) * (1 - 1 * fAct(UME6, 0.573142455378547, 1.66708280189196))))) * 1 - 1 * BAR1) / 1"
"CYS3","(((1 - 1 * fAct(XBP1, 0.544701944850385, 1.72984795512166))) * 1 - 1 * CYS3) / 1"
"CLN1","((((1 * fAct(SPT16, 0.428135830257088, 1.77354290272109) * 1 * fAct(SWI4_SWI6, 0.506085567222908, 1.74587885266636)) * (1 - 1 * fAct(XBP1, 0.590242835041136, 1.51913825231371)))) * 1 - 1 * CLN1) / 1"
"CLN3","(((1 * fAct(SPT16, 0.450520672183484, 1.53912685300456) * (1 - 1 * fAct(XBP1, 0.531322725722566, 1.39876296045026)))) * 1 - 1 * CLN3) / 1"
"HTA1","(((1 * fAct(SPT16, 0.404200788354501, 1.7755337487231) * (((1 * fAct(SPT21, 0.544329778011888, 1.71071014269721) * 1 * fAct(SPT4, 0.555538491578773, 1.74272278390126)) * 1 * fAct(SPT5, 0.536841600574553, 1.78509290697984)) * 1 * fAct(SPT6, 0.543976265890524, 1.47186009068741)))) * 1 - 1 * HTA1) / 1"
"HTB1","(((1 * fAct(SPT16, 0.551331530045718, 1.5845684665977) * ((1 * fAct(SPT4, 0.507021245406941, 1.53851606806042) * 1 * fAct(SPT5, 0.460530823143199, 1.79046115937876)) * 1 * fAct(SPT6, 0.471049609780312, 1.61360864301678)))) * 1 - 1 * HTB1) / 1"
"SAN1","((1 * fAct(SPT16, 0.516795268887654, 1.39639055236941)) * 1 - 1 * SAN1) / 1"
"SWI6","((1 * fAct(SPT16, 0.462684004055336, 1.77915092427749)) * 1 - 1 * SWI6) / 1"
"HHF1","((1 * fAct(SPT21, 0.409116141637787, 1.72219443104463)) * 1 - 1 * HHF1) / 1"
"HHF2","((1 * fAct(SPT21, 0.545066478755325, 1.75874338001013)) * 1 - 1 * HHF2) / 1"
"HTB2","((1 * fAct(SPT21, 0.533540110709146, 1.57091380309779)) * 1 - 1 * HTB2) / 1"
"TDH1","((1 * fAct(SRB7, 0.480259815650061, 1.57114240279654)) * 1 - 1 * TDH1) / 1"
"ICL1","((1 * fAct(SSN6, 0.568712752638385, 1.6113679243112)) * 1 - 1 * ICL1) / 1"
"PCL2","((1 * fAct(SWI5, 0.57851895140484, 1.73546993520809)) * 1 - 1 * PCL2) / 1"
"PGM1","((1 * fAct(GCR1_GCR2, 0.400339819630608, 1.61629187842598)) * 1 - 1 * PGM1) / 1"
"SST2","(((1 - 1 * fAct(TUP1, 0.416582043142989, 1.54336611670209))) * 1 - 1 * SST2) / 1"
"SMK1","(((1 - 1 * fAct(SUM1, 0.435363417258486, 1.47147266303422))) * 1 - 1 * SMK1) / 1"
"CDC10","((1 * fAct(SWI4, 0.506602684920654, 1.72901295145042)) * 1 - 1 * CDC10) / 1"
"CDC11","((1 * fAct(SWI4, 0.598442623578012, 1.43340183211956)) * 1 - 1 * CDC11) / 1"
"PCL1","((1 * fAct(SWI4, 0.408270919183269, 1.56687124419725)) * 1 - 1 * PCL1) / 1"
"PCL9","((1 * fAct(SWI5, 0.440511385537684, 1.50207700031344)) * 1 - 1 * PCL9) / 1"
"SIC1","((1 * fAct(SWI5, 0.555009915539995, 1.73229042180581)) * 1 - 1 * SIC1) / 1"
"PET18","((1 * fAct(THI2, 0.575305364048109, 1.70821544085164)) * 1 - 1 * PET18) / 1"
"THI20","((1 * fAct(THI2, 0.583071410749108, 1.63595583005343)) * 1 - 1 * THI20) / 1"
"THI21","((1 * fAct(THI2, 0.53121237391606, 1.52090375945438)) * 1 - 1 * THI21) / 1"
"THI22","((1 * fAct(THI2, 0.576835149852559, 1.78075236477889)) * 1 - 1 * THI22) / 1"
"THI6","((1 * fAct(THI2, 0.476054970221594, 1.78545137266163)) * 1 - 1 * THI6) / 1"
"THI80","((1 * fAct(THI2, 0.592329398589209, 1.72674692786764)) * 1 - 1 * THI80) / 1"
"YLR004C","((1 * fAct(THI2, 0.525351989455521, 1.53628122972557)) * 1 - 1 * YLR004C) / 1"
"MFALPHA2","((((1 - 1 * fAct(TUP1, 0.416503478540108, 1.70063084044727)) + 1 * fAct(SNF2_SWI1, 0.524873854825273, 1.77807420519879) - (1 - 1 * fAct(TUP1, 0.416503478540108, 1.70063084044727)) * 1 * fAct(SNF2_SWI1, 0.524873854825273, 1.77807420519879))) * 1 - 1 * MFALPHA2) / 1"
"PAU3","(((1 - 1 * fAct(TUP1, 0.583177244383842, 1.48811714108568))) * 1 - 1 * PAU3) / 1"
"PAU4","(((1 - 1 * fAct(TUP1, 0.585196789028123, 1.59080245581456))) * 1 - 1 * PAU4) / 1"
"PAU5","(((1 - 1 * fAct(TUP1, 0.528419246152043, 1.43939089740394))) * 1 - 1 * PAU5) / 1"
"RNR3","(((1 - 1 * fAct(TUP1, 0.421176185877994, 1.45063253206201))) * 1 - 1 * RNR3) / 1"
"STE4","(((1 - 1 * fAct(TUP1, 0.419628498889506, 1.3908026228752))) * 1 - 1 * STE4) / 1"
"STE5","(((1 - 1 * fAct(TUP1, 0.586812229594216, 1.74870167700341))) * 1 - 1 * STE5) / 1"
"DMC1","(((1 - 1 * fAct(UME6, 0.47564684310928, 1.59631901765475))) * 1 - 1 * DMC1) / 1"
"MEI4","(((1 - 1 * fAct(UME6, 0.433941203355789, 1.45917487513041))) * 1 - 1 * MEI4) / 1"
"MEK1","(((1 - 1 * fAct(UME6, 0.499859692761675, 1.4673421065812))) * 1 - 1 * MEK1) / 1"
"REC102","(((1 - 1 * fAct(UME6, 0.509092641761526, 1.42947691538138))) * 1 - 1 * REC102) / 1"
"RED1","(((1 - 1 * fAct(UME6, 0.446369951218367, 1.72185249512317))) * 1 - 1 * RED1) / 1"
"SKI8","(((1 - 1 * fAct(UME6, 0.467947011208162, 1.53425741823157))) * 1 - 1 * SKI8) / 1"
"SLZ1","((1 * fAct(UME6, 0.455176640208811, 1.39487417486729)) * 1 - 1 * SLZ1) / 1"
"SPO16","(((1 - 1 * fAct(UME6, 0.462722232332453, 1.67290614849655))) * 1 - 1 * SPO16) / 1"
"TOP1","(((1 - 1 * fAct(UME6, 0.408734304225072, 1.53836622848175))) * 1 - 1 * TOP1) / 1"
"ZIP1","(((1 - 1 * fAct(UME6, 0.583008253248408, 1.56690910757985))) * 1 - 1 * ZIP1) / 1"
"SMF2","(((1 - 1 * fAct(XBP1, 0.45719079929404, 1.58323153758189))) * 1 - 1 * SMF2) / 1"
"FBA1","((1 * fAct(GCR1_GCR2, 0.552838970441371, 1.66595179028576)) * 1 - 1 * FBA1) / 1"
"PGI1","((1 * fAct(GCR1_GCR2, 0.439543963549659, 1.67624133784091)) * 1 - 1 * PGI1) / 1"
"HXT6","((1 * fAct(SNF2_SWI1, 0.512637908570468, 1.4385148116108)) * 1 - 1 * HXT6) / 1"
"HXT7","((1 * fAct(SNF2_SWI1, 0.409025938762352, 1.72280402091797)) * 1 - 1 * HXT7) / 1"
"ODC2","(((1 - 1 * fAct(SNF2_SWI1, 0.423965314775705, 1.64031915229512))) * 1 - 1 * ODC2) / 1"
"SAG1","((1 * fAct(SNF2_SWI1, 0.517984615731984, 1.66308406912722)) * 1 - 1 * SAG1) / 1"
"SER3","(((1 - 1 * fAct(SNF2_SWI1, 0.43658806309104, 1.6404882347188))) * 1 - 1 * SER3) / 1"
"FLO5","(((1 - 1 * fAct(SSN6_TUP1, 0.48437063600868, 1.54012682541739))) * 1 - 1 * FLO5) / 1"
"MAK10","(((1 - 1 * fAct(SSN6_TUP1, 0.457240608893335, 1.78500846581068))) * 1 - 1 * MAK10) / 1"
